bench,query,orig mean,rewr mean,rewr mean+rewr,orig/rewr(mean),orig/rewr+rewr(mean),rewriting,orig 1,orig 2,orig 3,orig 4,orig 5,orig med,orig_std,rewr 1,rewr 2,rewr 3,rewr 4,rewr 5,rewr med,rewr_std,rewr med+rewr
STATS,001-014,0.03470182418823242,0.07655448913574218,2.080649895135742,orig,orig,2.004095406,0.030724048614501953,0.03223848342895508,0.042397260665893555,0.03505420684814453,0.03309512138366699,0.03309512138366699,0.004094292520917541,0.07998824119567871,0.0654759407043457,0.08148074150085449,0.08283233642578125,0.07299518585205078,0.07998824119567871,0.006494195213928168,2.0840836471956785
STATS,002-048,0.07846789360046387,0.1433396816253662,1.3134298236253663,orig,orig,1.170090142,0.06699728965759277,0.07719159126281738,0.09212708473205566,0.07854342460632324,0.07748007774353027,0.07748007774353027,0.008009478009717028,0.14521121978759766,0.15377473831176758,0.15419602394104004,0.13053441047668457,0.1329820156097412,0.14521121978759766,0.010015083086012618,1.3153013617875977
STATS,003-067,0.04625658988952637,0.14029507637023925,1.3429060253702394,orig,orig,1.202610949,0.047980546951293945,0.04798412322998047,0.04362225532531738,0.04513192176818848,0.04656410217285156,0.04656410217285156,0.001688523625948688,0.15215158462524414,0.13270854949951172,0.1431732177734375,0.14074993133544922,0.1326920986175537,0.14074993133544922,0.00727224916577095,1.3433608803354493
STATS,004-041,0.025213098526000975,0.056957674026489255,1.1420120790264892,orig,orig,1.085054405,0.02511763572692871,0.021615028381347656,0.0219881534576416,0.03245186805725098,0.024892807006835938,0.024892807006835938,0.003895070309752832,0.05873394012451172,0.05941200256347656,0.05812263488769531,0.05180859565734863,0.05671119689941406,0.05812263488769531,0.0027243253349157567,1.1431770398876953
STATS,005-024,0.021546268463134767,0.0502568244934082,1.1238304524934082,orig,orig,1.073573628,0.02092742919921875,0.022052288055419922,0.02185845375061035,0.020556926727294922,0.022336244583129883,0.02185845375061035,0.000684008312302402,0.05946183204650879,0.04407978057861328,0.057962656021118164,0.045033931732177734,0.04474592208862305,0.045033931732177734,0.006926998328594762,1.1186075597321776
STATS,006-054,0.028981733322143554,0.07317132949829101,1.250742110498291,orig,orig,1.177570781,0.03140830993652344,0.02623891830444336,0.02780628204345703,0.028652429580688477,0.03080272674560547,0.028652429580688477,0.0019087929168859934,0.07659125328063965,0.0694432258605957,0.06996440887451172,0.07745695114135742,0.07240080833435059,0.07240080833435059,0.003311773876015424,1.2499715893343506
STATS,007-057,0.09820966720581055,0.12388138771057129,1.2340099737105714,orig,orig,1.110128586,0.09271121025085449,0.10583066940307617,0.10144925117492676,0.09741997718811035,0.09363722801208496,0.09741997718811035,0.004905882554109098,0.12781310081481934,0.1351022720336914,0.1175384521484375,0.1208798885345459,0.1180732250213623,0.1208798885345459,0.00669840571480021,1.231008474534546
STATS,008-045,0.03457827568054199,0.08539495468139649,1.2293463416813966,orig,orig,1.143951387,0.034787654876708984,0.03313612937927246,0.03524303436279297,0.03556203842163086,0.03416252136230469,0.034787654876708984,0.0008609495329656236,0.0841512680053711,0.08529329299926758,0.08620262145996094,0.08747577667236328,0.08385181427001953,0.08529329299926758,0.001335703541827205,1.2292446799992676
STATS,009-033,0.04056110382080078,0.10921626091003418,1.1901748419100342,orig,orig,1.080958581,0.038606882095336914,0.054073333740234375,0.04027509689331055,0.03407740592956543,0.03577280044555664,0.038606882095336914,0.007091506574327742,0.10606646537780762,0.12022566795349121,0.10833740234375,0.10405778884887695,0.10739398002624512,0.10739398002624512,0.005689133314452203,1.188352561026245
STATS,010-063,0.04349212646484375,0.12031688690185546,1.2526086429018555,orig,orig,1.132291756,0.044226884841918945,0.04590606689453125,0.04589700698852539,0.040849924087524414,0.04058074951171875,0.044226884841918945,0.002349799045443873,0.12170910835266113,0.13014459609985352,0.1306779384613037,0.10925412178039551,0.10979866981506348,0.12170910835266113,0.009369004225460865,1.2540008643526612
STATS,011-050,0.26546921730041506,0.09644417762756348,1.1627142926275635,rewr,orig,1.066270115,0.28514790534973145,0.25534653663635254,0.25330352783203125,0.2580993175506592,0.2754487991333008,0.2580993175506592,0.012582773170416384,0.09277176856994629,0.09569430351257324,0.09789347648620605,0.10017895698547363,0.09568238258361816,0.09569430351257324,0.0024770254418441193,1.1619644185125733
STATS,012-019,0.024895429611206055,0.03436884880065918,1.0610902968006592,orig,orig,1.026721448,0.024364233016967773,0.02709054946899414,0.024152040481567383,0.02507758140563965,0.023792743682861328,0.024364233016967773,0.0011749420362414248,0.03283548355102539,0.0371556282043457,0.033049583435058594,0.03560781478881836,0.03319573402404785,0.03319573402404785,0.0017186648618848443,1.0599171820240478
STATS,013-055,0.03272490501403809,0.17050108909606934,1.2812401950960695,orig,orig,1.110739106,0.034455060958862305,0.03353762626647949,0.031980037689208984,0.032239675521850586,0.03141212463378906,0.032239675521850586,0.0011106415034594995,0.1733841896057129,0.16982102394104004,0.17001914978027344,0.1742391586303711,0.16504192352294922,0.17001914978027344,0.0032490821862771226,1.2807582557802735
STATS,014-134,5.012552881240845,0.1374025821685791,1.2783869161685792,rewr,rewr,1.140984334,4.518575429916382,5.2737438678741455,4.881300210952759,5.22924542427063,5.159899473190308,5.159899473190308,0.28218022387725156,0.1434650421142578,0.13517284393310547,0.1346728801727295,0.13635754585266113,0.1373445987701416,0.13635754585266113,0.003170863893449824,1.2773418798526612
STATS,015-026,0.040097808837890624,0.053191757202148436,1.1074134542021485,orig,orig,1.054221697,0.03771090507507324,0.038422584533691406,0.04334759712219238,0.03889322280883789,0.0421147346496582,0.03889322280883789,0.002217378053768903,0.0545654296875,0.05273699760437012,0.05176138877868652,0.050945281982421875,0.05594968795776367,0.05273699760437012,0.0018326248487475164,1.1069586946043701
STATS,016-021,0.04390764236450195,0.13405733108520507,1.1962914510852052,orig,orig,1.06223412,0.042269229888916016,0.048613548278808594,0.0457463264465332,0.041375160217285156,0.0415339469909668,0.042269229888916016,0.002837555307665067,0.14578676223754883,0.1367781162261963,0.12817049026489258,0.12668681144714355,0.13286447525024414,0.13286447525024414,0.0068612620786960045,1.1950985952502442
STATS,017-040,0.03603768348693848,0.125679349899292,1.189841600899292,orig,orig,1.064162251,0.0341184139251709,0.03350090980529785,0.039484262466430664,0.03660917282104492,0.03647565841674805,0.03647565841674805,0.002122081295455411,0.125166654586792,0.12680315971374512,0.12837433815002441,0.1250016689300537,0.12305092811584473,0.125166654586792,0.0017975883411879528,1.189328905586792
STATS,018-065,0.05518107414245606,0.13961944580078126,1.2033980868007814,orig,orig,1.063778641,0.0578763484954834,0.056574106216430664,0.05229640007019043,0.05215573310852051,0.05700278282165527,0.056574106216430664,0.0024493957452357295,0.13973021507263184,0.143540620803833,0.13855648040771484,0.13673663139343262,0.13953328132629395,0.13953328132629395,0.0022287136149304427,1.203311922326294
STATS,019-130,0.10254912376403809,0.18622727394104005,1.35890111394104,orig,orig,1.17267384,0.10007786750793457,0.10384750366210938,0.09687042236328125,0.10206985473632812,0.10987997055053711,0.10206985473632812,0.004336163300662214,0.1936047077178955,0.17798519134521484,0.18857741355895996,0.18401122093200684,0.18695783615112305,0.18695783615112305,0.00516384010119709,1.3596316761511231
STATS,020-027,0.04483132362365723,0.07072529792785645,1.1680533259278565,orig,orig,1.097328028,0.0427708625793457,0.043001651763916016,0.05049943923950195,0.0439150333404541,0.04396963119506836,0.0439150333404541,0.0028741202197756755,0.06778740882873535,0.07126688957214355,0.07798290252685547,0.06692147254943848,0.06966781616210938,0.06966781616210938,0.003928986983376048,1.1669958441621093
STATS,021-036,0.04301471710205078,0.06633548736572266,1.1776417993657227,orig,orig,1.111306312,0.04169940948486328,0.04197216033935547,0.04923820495605469,0.04116249084472656,0.041001319885253906,0.04169940948486328,0.003131557767665608,0.06810522079467773,0.06926584243774414,0.06883740425109863,0.06198716163635254,0.06348180770874023,0.06810522079467773,0.003000998153694535,1.1794115327946777
STATS,022-125,0.05895214080810547,0.1115882396697998,1.2969075376697998,orig,orig,1.185319298,0.056761741638183594,0.06013822555541992,0.06113266944885254,0.06022453308105469,0.0565035343170166,0.06013822555541992,0.001927381983364383,0.11069869995117188,0.10951614379882812,0.1188657283782959,0.1076662540435791,0.11119437217712402,0.11069869995117188,0.0038362431353049353,1.296017997951172
STATS,023-018,0.03814444541931152,0.14626188278198243,1.1990555567819823,orig,orig,1.052793674,0.039574623107910156,0.041228294372558594,0.037006378173828125,0.03458905220031738,0.03832387924194336,0.03832387924194336,0.00225936925184992,0.15154504776000977,0.1424727439880371,0.13995862007141113,0.1459183692932129,0.1514146327972412,0.1459183692932129,0.004661960103219043,1.1987120432932128
STATS,024-017,0.0238187313079834,0.08609428405761718,1.1781088130576172,orig,orig,1.092014529,0.02487778663635254,0.025326251983642578,0.023506879806518555,0.022783517837524414,0.022599220275878906,0.023506879806518555,0.0011000311106416176,0.08495616912841797,0.08882522583007812,0.0854482650756836,0.08772134780883789,0.08352041244506836,0.0854482650756836,0.0019205645321143383,1.1774627940756837
STATS,025-001,0.019130420684814454,0.024823617935180665,1.0997325899351806,orig,orig,1.074908972,0.019814252853393555,0.015864849090576172,0.02119159698486328,0.017263412475585938,0.02151799201965332,0.019814252853393555,0.0022165851458508623,0.0266876220703125,0.02346038818359375,0.023924827575683594,0.02453160285949707,0.025513648986816406,0.02453160285949707,0.0011577691081017145,1.099440574859497
STATS,026-066,0.11379070281982422,0.36661653518676757,1.4618218501867677,orig,orig,1.095205315,0.09969305992126465,0.11844587326049805,0.11496758460998535,0.11458110809326172,0.12126588821411133,0.11496758460998535,0.007460594279952293,0.33294081687927246,0.3524665832519531,0.37627291679382324,0.39031338691711426,0.3810889720916748,0.37627291679382324,0.020969087061295535,1.4714782317938233
STATS,027-132,0.20016589164733886,0.10508193969726562,1.1935992466972656,rewr,orig,1.088517307,0.17635393142700195,0.23671483993530273,0.18494582176208496,0.21517372131347656,0.18764114379882812,0.18764114379882812,0.022434749197438132,0.10448312759399414,0.10130810737609863,0.10651421546936035,0.1055917739868164,0.1075124740600586,0.1055917739868164,0.0021363159177498906,1.1941090809868165
STATS,028-062,0.05205578804016113,0.13997349739074708,1.1910599843907472,orig,orig,1.051086487,0.049738168716430664,0.0695657730102539,0.046845436096191406,0.04803776741027832,0.04609179496765137,0.04803776741027832,0.008841180956339952,0.1336812973022461,0.14516806602478027,0.1395103931427002,0.14435386657714844,0.13715386390686035,0.1395103931427002,0.004334230219649207,1.1905968801427003
STATS,029-023,0.04756159782409668,0.07155437469482422,1.0739486656948243,orig,orig,1.002394291,0.049056291580200195,0.045011043548583984,0.048432111740112305,0.04817557334899902,0.04713296890258789,0.04817557334899902,0.0014183031913085917,0.07393407821655273,0.07392382621765137,0.06939530372619629,0.07216024398803711,0.0683584213256836,0.07216024398803711,0.0023030446090385025,1.0745545349880372
STATS,030-092,0.04635329246520996,0.08500876426696777,1.2965440682669678,orig,orig,1.211535304,0.049657583236694336,0.04373741149902344,0.05084991455078125,0.04454207420349121,0.04297947883605957,0.04454207420349121,0.0032448084969084277,0.08223342895507812,0.09315204620361328,0.08246135711669922,0.08282613754272461,0.08437085151672363,0.08282613754272461,0.004139458952004778,1.2943614415427247
STATS,031-025,0.061400842666625974,0.11194424629211426,1.1682548452921142,orig,orig,1.056310599,0.061734676361083984,0.06168174743652344,0.06109786033630371,0.061952829360961914,0.060537099838256836,0.06168174743652344,0.0005163122508864528,0.10609269142150879,0.10612607002258301,0.12310934066772461,0.10740494728088379,0.1169881820678711,0.10740494728088379,0.006910828105902312,1.1637155462808837
STATS,032-086,0.11836180686950684,0.1899782657623291,1.214034810762329,orig,orig,1.024056545,0.11502671241760254,0.10504150390625,0.11224007606506348,0.13720059394836426,0.1223001480102539,0.11502671241760254,0.010921898586066148,0.20970439910888672,0.18279600143432617,0.18440461158752441,0.18533897399902344,0.18764734268188477,0.18533897399902344,0.009987262978572432,1.2093955189990235
STATS,033-137,0.06790132522583008,0.0841935157775879,1.201046026777588,orig,orig,1.116852511,0.06151103973388672,0.06515359878540039,0.08175873756408691,0.06286215782165527,0.0682210922241211,0.06515359878540039,0.0072925864414889845,0.08274197578430176,0.09119725227355957,0.08560538291931152,0.08164453506469727,0.07977843284606934,0.08274197578430176,0.003978515352486867,1.1995944867843018
STATS,034-016,0.049436330795288086,0.07340364456176758,1.1476390885617676,orig,orig,1.074235444,0.05118513107299805,0.047770023345947266,0.049602508544921875,0.050681114196777344,0.0479428768157959,0.049602508544921875,0.001388696401450275,0.0699913501739502,0.0695028305053711,0.07597088813781738,0.08100247383117676,0.07055068016052246,0.07055068016052246,0.0044571842010597,1.1447861241605224
STATS,035-020,0.060220956802368164,0.11028761863708496,1.343456943637085,orig,orig,1.233169325,0.0570216178894043,0.06656336784362793,0.05437493324279785,0.06883072853088379,0.05431413650512695,0.0570216178894043,0.006223449750683256,0.1079258918762207,0.10724329948425293,0.11047148704528809,0.11233878135681152,0.11345863342285156,0.11047148704528809,0.0024142097366701156,1.343640812045288
STATS,036-100,0.06874656677246094,0.15350742340087892,2.402356495400879,orig,orig,2.248849072,0.07365989685058594,0.06739640235900879,0.06921744346618652,0.06600522994995117,0.06745386123657227,0.06745386123657227,0.002659755493936219,0.15732741355895996,0.15344762802124023,0.14606070518493652,0.1467723846435547,0.16392898559570312,0.15344762802124023,0.0066935673317919065,2.4022967000212403
STATS,037-013,0.044930887222290036,0.1038062572479248,1.3764806852479248,orig,orig,1.272674428,0.04357457160949707,0.04490232467651367,0.044500112533569336,0.044695377349853516,0.0469820499420166,0.044695377349853516,0.001121490802082723,0.09976863861083984,0.10693049430847168,0.10225534439086914,0.10354757308959961,0.10652923583984375,0.10354757308959961,0.002681420596065759,1.3762220010895996
STATS,038-011,0.05069942474365234,0.06474623680114747,1.3202016478011476,orig,orig,1.255455411,0.05037689208984375,0.04781055450439453,0.050055742263793945,0.05319619178771973,0.052057743072509766,0.05037689208984375,0.001840804175449956,0.06086611747741699,0.0639350414276123,0.06101536750793457,0.07265353202819824,0.0652611255645752,0.0639350414276123,0.004299376183352987,1.3193904524276123
STATS,039-117,0.08433375358581544,0.15057616233825682,1.3382198033382569,orig,orig,1.187643641,0.07728767395019531,0.07580137252807617,0.07739543914794922,0.08971929550170898,0.10146498680114746,0.07739543914794922,0.009930480201788964,0.15757441520690918,0.14966893196105957,0.14733028411865234,0.1471703052520752,0.1511368751525879,0.14966893196105957,0.003801278651692397,1.3373125729610595
STATS,040-101,0.09764900207519531,0.21142401695251464,1.4635259219525145,orig,orig,1.252101905,0.09887194633483887,0.09784293174743652,0.0942232608795166,0.10036087036132812,0.09694600105285645,0.09784293174743652,0.002055107985410174,0.23905730247497559,0.20379233360290527,0.208787202835083,0.2024838924407959,0.20299935340881348,0.20379233360290527,0.013997818618013616,1.4558942386029052
STATS,041-078,0.08320212364196777,0.15405993461608886,1.3304778856160888,orig,orig,1.176417951,0.0858304500579834,0.08353018760681152,0.08066892623901367,0.08278393745422363,0.08319711685180664,0.08319711685180664,0.0016497102504413096,0.17738699913024902,0.14630794525146484,0.14978909492492676,0.14792537689208984,0.14889025688171387,0.14889025688171387,0.011720441254244726,1.3253082078817138
STATS,042-006,0.08376603126525879,0.03489608764648437,1.1123311626464842,rewr,orig,1.077435075,0.08290386199951172,0.08379983901977539,0.08631205558776855,0.082916259765625,0.08289813995361328,0.082916259765625,0.001319247178378277,0.03392672538757324,0.037162065505981445,0.035460710525512695,0.03410816192626953,0.03382277488708496,0.03410816192626953,0.0012779628370434026,1.1115432369262694
STATS,043-076,0.13088879585266114,0.24674634933471679,1.3499256873347167,orig,orig,1.103179338,0.1182103157043457,0.1369771957397461,0.1234438419342041,0.13951325416564941,0.13629937171936035,0.13629937171936035,0.008448614363385442,0.23839735984802246,0.2570629119873047,0.23183774948120117,0.2448580265045166,0.26157569885253906,0.2448580265045166,0.011152388176877099,1.3480373645045165
STATS,044-145,0.09657430648803711,0.20200839042663574,1.3584605494266357,orig,orig,1.156452159,0.09327363967895508,0.1049506664276123,0.0950312614440918,0.09230637550354004,0.09730958938598633,0.0950312614440918,0.004520943951388622,0.2196207046508789,0.20290899276733398,0.19477295875549316,0.20710396766662598,0.18563532829284668,0.20290899276733398,0.011466457512439892,1.359361151767334
STATS,045-046,0.08585610389709472,0.1830288887023926,1.3689477517023925,orig,orig,1.185918863,0.08515739440917969,0.08428192138671875,0.08288931846618652,0.08071517944335938,0.0962367057800293,0.08428192138671875,0.005402852228379454,0.19089388847351074,0.1828622817993164,0.18608951568603516,0.17300653457641602,0.18229222297668457,0.1828622817993164,0.005869304480272851,1.3687811447993163
STATS,046-128,0.08376741409301758,0.31728377342224123,1.534009590422241,orig,orig,1.216725817,0.08262085914611816,0.08442115783691406,0.0808875560760498,0.08931207656860352,0.08159542083740234,0.08262085914611816,0.0030165008867045176,0.32817625999450684,0.30899977684020996,0.313922643661499,0.31299853324890137,0.32232165336608887,0.313922643661499,0.006961487973680158,1.530648460661499
STATS,047-008,0.05257577896118164,0.04457635879516601,1.123194552795166,rewr,orig,1.078618194,0.04929947853088379,0.04950213432312012,0.06144142150878906,0.05052518844604492,0.05211067199707031,0.05052518844604492,0.004543177293512434,0.04356074333190918,0.04349470138549805,0.04583334922790527,0.0449528694152832,0.045040130615234375,0.0449528694152832,0.0009097611793481399,1.1235710634152831
STATS,048-127,0.07742471694946289,0.23464908599853515,1.3044946459985352,orig,orig,1.06984556,0.08259820938110352,0.07694673538208008,0.07479548454284668,0.07668519020080566,0.07609796524047852,0.07668519020080566,0.0026912273510899787,0.2620971202850342,0.2261359691619873,0.22990870475769043,0.2279038429260254,0.22719979286193848,0.2279038429260254,0.01377918162385764,1.2977494029260255
STATS,049-118,0.10079030990600586,0.15938844680786132,1.2339860958078612,orig,orig,1.074597649,0.09978961944580078,0.0996389389038086,0.10093545913696289,0.10230875015258789,0.10127878189086914,0.10093545913696289,0.000989178501942898,0.16931939125061035,0.15456914901733398,0.15670490264892578,0.16019344329833984,0.15615534782409668,0.15670490264892578,0.005294367693317291,1.2313025516489258
STATS,050-106,0.434204626083374,0.139119291305542,1.203002875305542,rewr,orig,1.063883584,0.4126932621002197,0.45331645011901855,0.4270014762878418,0.4054069519042969,0.47260499000549316,0.4270014762878418,0.025234024462370407,0.1333932876586914,0.13343238830566406,0.1418156623840332,0.14811491966247559,0.1388401985168457,0.1388401985168457,0.005538910051760377,1.2027237825168458
STATS,051-090,0.133414888381958,0.057086515426635745,1.2149384994266357,rewr,orig,1.157851984,0.1313941478729248,0.13144946098327637,0.1251065731048584,0.1376957893371582,0.14142847061157227,0.13144946098327637,0.005648327415209681,0.05627703666687012,0.05735659599304199,0.05748295783996582,0.057919979095458984,0.0563960075378418,0.05735659599304199,0.0006413780154766707,1.2152085799930419
STATS,052-029,0.08714027404785156,0.08996753692626953,1.1832587499262697,orig,orig,1.093291213,0.08130693435668945,0.0908501148223877,0.08280038833618164,0.08997702598571777,0.09076690673828125,0.08997702598571777,0.004191062031121368,0.0903778076171875,0.08861398696899414,0.08626556396484375,0.09160900115966797,0.0929713249206543,0.0903778076171875,0.0023418868665471635,1.1836690206171876
STATS,053-081,0.060472631454467775,0.08450450897216796,1.087327425972168,orig,orig,1.002822917,0.05676627159118652,0.05562615394592285,0.05165433883666992,0.05426645278930664,0.08404994010925293,0.05562615394592285,0.011911287666721766,0.08367156982421875,0.08644223213195801,0.0820915699005127,0.0843501091003418,0.0859670639038086,0.0843501091003418,0.0015769426039130231,1.0871730261003418
STATS,054-064,0.08424124717712403,0.23215503692626954,1.3269970729262694,orig,orig,1.094842036,0.08263897895812988,0.0819082260131836,0.08472537994384766,0.08511042594909668,0.0868232250213623,0.08472537994384766,0.0017701252531159115,0.23067808151245117,0.229811429977417,0.22818565368652344,0.22609448432922363,0.24600553512573242,0.229811429977417,0.007099246330195608,1.324653465977417
STATS,055-009,0.11449098587036133,0.14580903053283692,1.151781574532837,orig,orig,1.005972544,0.10842633247375488,0.11028075218200684,0.12069487571716309,0.12131881713867188,0.11173415184020996,0.11173415184020996,0.005426117423371797,0.1546163558959961,0.14629292488098145,0.14281630516052246,0.14589905738830566,0.1394205093383789,0.14589905738830566,0.005051353221336885,1.1518716013883057
STATS,056-007,0.07109880447387695,0.049861574172973634,1.2037370991729734,rewr,orig,1.153875525,0.07393503189086914,0.06774783134460449,0.06726408004760742,0.07269454002380371,0.0738525390625,0.07269454002380371,0.0029701092380352415,0.04923701286315918,0.048393964767456055,0.050980567932128906,0.043331146240234375,0.05736517906188965,0.04923701286315918,0.004533137468543718,1.203112537863159
STATS,057-087,0.0737088680267334,0.0706216812133789,1.1423080952133788,rewr,orig,1.071686414,0.0734410285949707,0.08146238327026367,0.06724882125854492,0.07378482818603516,0.07260727882385254,0.0734410285949707,0.0045418104222380426,0.0719919204711914,0.06914401054382324,0.0699470043182373,0.07219386100769043,0.06983160972595215,0.0699470043182373,0.001233873365061399,1.1416334183182373
STATS,058-010,0.06187849044799805,0.05592365264892578,1.1481911086489258,rewr,orig,1.092267456,0.0603177547454834,0.05965423583984375,0.0597233772277832,0.06066322326660156,0.06903386116027832,0.0603177547454834,0.0035973301722049917,0.05550742149353027,0.059892892837524414,0.05204510688781738,0.05579805374145508,0.05637478828430176,0.05579805374145508,0.0024976201359527927,1.1480655097414552
STATS,059-061,0.12730579376220702,0.16569995880126953,1.2579340898012696,orig,orig,1.092234131,0.13331246376037598,0.13063597679138184,0.12657380104064941,0.12353205680847168,0.12247467041015625,0.12657380104064941,0.004130057148704804,0.1716930866241455,0.1783766746520996,0.1562211513519287,0.16463637351989746,0.15757250785827637,0.16463637351989746,0.0084101268600088,1.2568705045198976
STATS,060-042,0.1188730239868164,0.16437301635742188,1.195350391357422,orig,orig,1.030977375,0.1136174201965332,0.11441206932067871,0.12079143524169922,0.12636566162109375,0.11917853355407715,0.11917853355407715,0.004635401693292889,0.16437101364135742,0.1574110984802246,0.16289258003234863,0.15899896621704102,0.1781914234161377,0.16289258003234863,0.0073551177394247285,1.1938699550323486
STATS,061-053,0.1558454990386963,0.10057158470153808,1.336473503701538,rewr,orig,1.235901919,0.14478397369384766,0.16137433052062988,0.15349221229553223,0.16098499298095703,0.15859198570251465,0.15859198570251465,0.006203561331734657,0.10077691078186035,0.09983468055725098,0.0955817699432373,0.09957170486450195,0.10709285736083984,0.09983468055725098,0.003715109544138701,1.335736599557251
STATS,062-129,0.11468234062194824,0.30252389907836913,1.3969961790783691,orig,orig,1.09447228,0.11646461486816406,0.11677122116088867,0.11648368835449219,0.11349177360534668,0.11020040512084961,0.11646461486816406,0.002541258456169197,0.304811954498291,0.2974121570587158,0.2993965148925781,0.3173983097076416,0.29360055923461914,0.2993965148925781,0.00827066770534192,1.393868794892578
STATS,063-109,0.14912519454956055,0.19719314575195312,1.262609677751953,orig,orig,1.065416532,0.14597272872924805,0.14636826515197754,0.1458749771118164,0.1513500213623047,0.15605998039245605,0.14636826515197754,0.004028491600528448,0.2130289077758789,0.18947744369506836,0.19567561149597168,0.19168591499328613,0.19609785079956055,0.19567561149597168,0.008296211050703176,1.2610921434959717
STATS,064-116,0.2904630661010742,0.1229931354522705,1.1801686944522705,rewr,orig,1.057175559,0.30199265480041504,0.2838432788848877,0.2939279079437256,0.28771042823791504,0.28484106063842773,0.28771042823791504,0.006751919549074415,0.11931443214416504,0.1265866756439209,0.12423038482666016,0.12579560279846191,0.11903858184814453,0.12423038482666016,0.0032084105905222067,1.1814059438266602
STATS,065-012,0.08652663230895996,0.09417295455932617,1.141863315559326,orig,orig,1.047690361,0.08689999580383301,0.09167313575744629,0.08677077293395996,0.08430004119873047,0.08298921585083008,0.08677077293395996,0.0029717511961724536,0.09177923202514648,0.10529804229736328,0.09060001373291016,0.08986783027648926,0.09331965446472168,0.09177923202514648,0.0056837594432005605,1.1394695930251464
STATS,066-094,0.08555316925048828,0.06461710929870605,1.218065055298706,rewr,orig,1.153447946,0.08308815956115723,0.08839035034179688,0.08613419532775879,0.08490538597106934,0.08524775505065918,0.08524775505065918,0.0017306855073291262,0.06450366973876953,0.06441211700439453,0.06662917137145996,0.06453824043273926,0.06300234794616699,0.06450366973876953,0.0011590477714721779,1.2179516157387695
STATS,067-110,0.1516317367553711,0.2409916877746582,1.3325868987746583,orig,orig,1.091595211,0.15378069877624512,0.151047945022583,0.15392112731933594,0.1549084186553955,0.1445004940032959,0.15378069877624512,0.003789232829261737,0.26735591888427734,0.23451948165893555,0.23192906379699707,0.24072599411010742,0.23042798042297363,0.23451948165893555,0.013643722318353617,1.3261146926589356
STATS,068-121,0.10795016288757324,0.08565731048583984,1.1861341024858398,rewr,orig,1.100476792,0.09959840774536133,0.10706400871276855,0.10398530960083008,0.10307431221008301,0.12602877616882324,0.10398530960083008,0.00934737741577343,0.08408403396606445,0.07739830017089844,0.0771169662475586,0.07797956466674805,0.11170768737792969,0.07797956466674805,0.013275495073109995,1.178456356666748
STATS,069-089,0.16033549308776857,0.17820682525634765,1.1823904962563476,orig,orig,1.004183671,0.15204286575317383,0.1575179100036621,0.16359329223632812,0.15116667747497559,0.17735671997070312,0.1575179100036621,0.009603218649811078,0.1797640323638916,0.17831873893737793,0.17757844924926758,0.17730975151062012,0.17806315422058105,0.17806315422058105,0.0008552961739482897,1.182246825220581
STATS,070-003,0.13416976928710939,0.05601658821105957,1.0567912152110595,rewr,orig,1.000774627,0.16277790069580078,0.13280725479125977,0.11771678924560547,0.1263127326965332,0.13123416900634766,0.13123416900634766,0.015240294968855053,0.05985379219055176,0.0557100772857666,0.05630183219909668,0.05405831336975098,0.054158926010131836,0.0557100772857666,0.002106428098327774,1.0564847042857666
STATS,071-080,0.08901834487915039,0.06251559257507325,1.3016663665750734,rewr,orig,1.239150774,0.09233260154724121,0.0904550552368164,0.08799314498901367,0.0871434211730957,0.08716750144958496,0.08799314498901367,0.0020513619394361875,0.061716556549072266,0.06281495094299316,0.06285977363586426,0.06147336959838867,0.06371331214904785,0.06281495094299316,0.000820645540645839,1.3019657249429932
STATS,072-099,0.333954906463623,0.13931865692138673,1.1818793639213867,rewr,orig,1.042560707,0.31093859672546387,0.30576562881469727,0.3271639347076416,0.3508322238922119,0.3750741481781006,0.3271639347076416,0.025869437831080228,0.13014698028564453,0.13130474090576172,0.13216829299926758,0.1485767364501953,0.15439653396606445,0.13216829299926758,0.01012447153357663,1.1747289999992676
STATS,073-146,0.17571144104003905,0.2885576725006104,1.4426577895006103,orig,orig,1.154100117,0.19930315017700195,0.19189143180847168,0.16722702980041504,0.16121220588684082,0.15892338752746582,0.16722702980041504,0.01662776374694712,0.28756022453308105,0.3064754009246826,0.2806205749511719,0.29099082946777344,0.2771413326263428,0.28756022453308105,0.01021068539117413,1.441660341533081
STATS,074-072,0.13121294975280762,0.2418513298034668,1.2833959178034668,orig,orig,1.041544588,0.1275184154510498,0.13297128677368164,0.13282561302185059,0.12921619415283203,0.13353323936462402,0.13282561302185059,0.002396363595696553,0.25045037269592285,0.2525346279144287,0.2382514476776123,0.23196935653686523,0.23605084419250488,0.2382514476776123,0.008152724421674416,1.2797960356776124
STATS,075-037,0.14998173713684082,0.15504813194274902,2.366832317942749,orig,orig,2.211784186,0.1502993106842041,0.15408062934875488,0.14884686470031738,0.14742231369018555,0.1492595672607422,0.1492595672607422,0.0022477492511082447,0.17501306533813477,0.14911746978759766,0.15014266967773438,0.1502823829650879,0.15068507194519043,0.1502823829650879,0.009995834482168963,2.362066568965088
STATS,076-073,0.153948974609375,0.22965078353881835,1.6857565175388185,orig,orig,1.456105734,0.15463972091674805,0.15230441093444824,0.15566205978393555,0.1535801887512207,0.15355849266052246,0.1535801887512207,0.0011318003462529528,0.23461389541625977,0.23403096199035645,0.22623085975646973,0.22965383529663086,0.223724365234375,0.22965383529663086,0.004257622920946837,1.685759569296631
STATS,077-004,0.1462465286254883,0.05885534286499024,1.2594129278649904,rewr,orig,1.200557585,0.14952373504638672,0.14519357681274414,0.147017240524292,0.1422722339630127,0.14722585678100586,0.147017240524292,0.002416480414837585,0.05856966972351074,0.059179067611694336,0.05833840370178223,0.058873653411865234,0.05931591987609863,0.058873653411865234,0.0003649929898335033,1.2594312384118653
STATS,078-082,0.12228679656982422,0.10408720970153809,1.2458101177015382,rewr,orig,1.141722908,0.12044215202331543,0.11597752571105957,0.13957810401916504,0.11914944648742676,0.1162867546081543,0.11914944648742676,0.00880956746567242,0.10687613487243652,0.10316681861877441,0.10531997680664062,0.10222649574279785,0.10284662246704102,0.10316681861877441,0.001740474142995092,1.2448897266187744
STATS,079-112,0.18780455589294434,0.2580404281616211,1.449539096161621,orig,orig,1.191498668,0.18873977661132812,0.18564343452453613,0.18799233436584473,0.1908109188079834,0.1858363151550293,0.18799233436584473,0.0019231502122964885,0.26491284370422363,0.254472017288208,0.258638858795166,0.25396203994750977,0.25821638107299805,0.25821638107299805,0.0039239261111006386,1.449715049072998
STATS,080-119,0.13345623016357422,0.10551795959472657,1.1737704405947267,rewr,orig,1.068252481,0.12511491775512695,0.12400460243225098,0.1365044116973877,0.13975000381469727,0.1419072151184082,0.1365044116973877,0.007473056986378699,0.10774612426757812,0.10369491577148438,0.1045835018157959,0.10294151306152344,0.10862374305725098,0.1045835018157959,0.0022558982949571894,1.172835982815796
STATS,081-111,0.18857235908508302,0.19350829124450683,1.2995942572445067,orig,orig,1.106085966,0.18812847137451172,0.18811869621276855,0.18776416778564453,0.18766331672668457,0.19118714332580566,0.18811869621276855,0.0013205660992691751,0.19789409637451172,0.1866302490234375,0.19430255889892578,0.19190406799316406,0.19681048393249512,0.19430255889892578,0.004016257494952179,1.3003885248989258
STATS,082-096,0.23810577392578125,0.3717761993408203,1.4686469333408203,orig,orig,1.096870734,0.24463558197021484,0.2624063491821289,0.21886897087097168,0.22509384155273438,0.23952412605285645,0.23952412605285645,0.015326663364824194,0.4120481014251709,0.3751239776611328,0.3820040225982666,0.3449399471282959,0.34476494789123535,0.3751239776611328,0.025248501830587737,1.4719947116611327
STATS,083-039,0.304194974899292,0.11020684242248535,1.2164869274224854,rewr,orig,1.106280085,0.3125588893890381,0.3009777069091797,0.301419734954834,0.3115499019622803,0.29446864128112793,0.301419734954834,0.006880470237055125,0.11216473579406738,0.10670065879821777,0.11087942123413086,0.1120760440826416,0.10921335220336914,0.11087942123413086,0.0020523143025010532,1.217159506234131
STATS,084-044,0.15293326377868652,0.09055962562561035,1.2258535306256102,rewr,orig,1.135293905,0.13618850708007812,0.13995742797851562,0.13827824592590332,0.1716008186340332,0.17864131927490234,0.13995742797851562,0.01829158528694477,0.09541058540344238,0.09111213684082031,0.08974194526672363,0.08948111534118652,0.0870523452758789,0.08974194526672363,0.0027557169834221506,1.2250358502667236
STATS,085-093,0.1186072826385498,0.059941577911376956,1.170546662911377,rewr,orig,1.110605085,0.11328673362731934,0.13022804260253906,0.11815237998962402,0.11608266830444336,0.11528658866882324,0.11608266830444336,0.006015944253699746,0.06152606010437012,0.0577545166015625,0.05662798881530762,0.061734676361083984,0.06206464767456055,0.06152606010437012,0.0022801895079170736,1.17213114510437
STATS,086-083,0.15188918113708497,0.15065135955810546,1.1845685565581054,rewr,orig,1.033917197,0.13718056678771973,0.14870119094848633,0.15451455116271973,0.17431926727294922,0.1447303295135498,0.14870119094848633,0.012551948899852464,0.1412830352783203,0.16015625,0.1509532928466797,0.15884923934936523,0.1420149803161621,0.1509532928466797,0.007999898565819378,1.1848704898466798
STATS,087-022,0.13725452423095702,0.06727633476257325,1.0915411217625732,rewr,orig,1.024264787,0.14211630821228027,0.14508748054504395,0.12465381622314453,0.14397501945495605,0.13043999671936035,0.14211630821228027,0.008189906368936059,0.07514834403991699,0.0668797492980957,0.06288003921508789,0.06602025032043457,0.06545329093933105,0.06602025032043457,0.004155826308721402,1.0902850373204345
STATS,088-102,0.18154001235961914,0.12130661010742187,1.2128493581074218,rewr,orig,1.091542748,0.18433666229248047,0.17603683471679688,0.18611812591552734,0.18490934371948242,0.1762990951538086,0.18433666229248047,0.004424589149671226,0.12484478950500488,0.11807131767272949,0.12143111228942871,0.12322783470153809,0.1189579963684082,0.12143111228942871,0.002538047352470157,1.2129738602894287
STATS,089-131,0.2140961170196533,0.16097502708435057,1.2729222240843507,rewr,orig,1.111947197,0.19693541526794434,0.2104628086090088,0.22309517860412598,0.20467209815979004,0.23531508445739746,0.2104628086090088,0.013621530270965921,0.16161775588989258,0.1554110050201416,0.16273045539855957,0.15827584266662598,0.1668400764465332,0.16161775588989258,0.0039022396378626087,1.2735649528898927
STATS,090-079,0.24198293685913086,0.21860942840576172,1.274018563405762,rewr,orig,1.055409135,0.24230170249938965,0.23514342308044434,0.24271583557128906,0.25172877311706543,0.23802495002746582,0.24230170249938965,0.005622538304193961,0.22037172317504883,0.21548938751220703,0.22057414054870605,0.2175459861755371,0.21906590461730957,0.21906590461730957,0.0018994584356956765,1.2744750396173097
STATS,091-035,0.15991721153259278,0.09657225608825684,1.1295399750882569,rewr,orig,1.032967719,0.16349339485168457,0.158402681350708,0.15737175941467285,0.1621837615966797,0.15813446044921875,0.158402681350708,0.002444490372511088,0.09934616088867188,0.09193825721740723,0.0928792953491211,0.10295414924621582,0.09574341773986816,0.09574341773986816,0.004104192629128473,1.1287111367398681
STATS,092-103,0.21824040412902831,0.10955629348754883,1.1081151634875488,rewr,orig,0.99855887,0.21910905838012695,0.19386768341064453,0.2426011562347412,0.21318769454956055,0.22243642807006836,0.21910905838012695,0.015693099181414153,0.10943460464477539,0.10217714309692383,0.11347293853759766,0.10487484931945801,0.11782193183898926,0.10943460464477539,0.005657622715695048,1.1079934746447755
STATS,093-075,0.37010741233825684,0.26140847206115725,1.3063311500611574,rewr,orig,1.044922678,0.40685606002807617,0.3589184284210205,0.36484265327453613,0.35393643379211426,0.3659834861755371,0.36484265327453613,0.01887793140291083,0.27136731147766113,0.26432108879089355,0.26096177101135254,0.2590506076812744,0.2513415813446045,0.26096177101135254,0.006553825961968843,1.3058844490113526
STATS,094-091,0.2552914619445801,0.169106388092041,1.1889413300920408,rewr,orig,1.019834942,0.24823760986328125,0.2461700439453125,0.24491047859191895,0.25124335289001465,0.28589582443237305,0.24823760986328125,0.015451447188353057,0.16865229606628418,0.1672506332397461,0.16710472106933594,0.1680455207824707,0.17447876930236816,0.1680455207824707,0.0027438883296172336,1.1878804627824706
STATS,095-139,0.2404087543487549,0.23191895484924316,1.270620621849243,rewr,orig,1.038701667,0.23849129676818848,0.23616504669189453,0.24076318740844727,0.24388790130615234,0.2427363395690918,0.24076318740844727,0.0028047615782118987,0.23134756088256836,0.23883438110351562,0.23087024688720703,0.22646355628967285,0.23207902908325195,0.23134756088256836,0.003975836941757711,1.2700492278825684
STATS,096-095,0.34413952827453614,0.2571741580963135,1.3041950820963133,rewr,orig,1.047020924,0.3516860008239746,0.35031914710998535,0.3361032009124756,0.35040807723999023,0.3321812152862549,0.35031914710998535,0.008270616059509255,0.2634541988372803,0.25476932525634766,0.2545003890991211,0.26366615295410156,0.2494807243347168,0.25476932525634766,0.005544476415755605,1.3017902492563476
STATS,097-077,0.5827970981597901,0.1919182777404785,1.3055704747404784,rewr,orig,1.113652197,0.5979006290435791,0.5835402011871338,0.5817103385925293,0.5748605728149414,0.5759737491607666,0.5817103385925293,0.00823888851406243,0.19040274620056152,0.19202876091003418,0.19301486015319824,0.19271612167358398,0.19142889976501465,0.19202876091003418,0.000936758358552169,1.3056809579100341
STATS,098-124,0.3292689323425293,0.10900206565856933,1.2508069686585692,rewr,orig,1.141804903,0.32556986808776855,0.2973606586456299,0.4098222255706787,0.30817413330078125,0.3054177761077881,0.30817413330078125,0.04131470018509897,0.11071896553039551,0.11314821243286133,0.10393595695495605,0.11140060424804688,0.10580658912658691,0.11071896553039551,0.0035147629585034084,1.2525238685303954
STATS,099-031,0.6802450180053711,0.1264798641204834,1.1820547451204835,rewr,orig,1.055574881,0.6714708805084229,0.6746764183044434,0.6688058376312256,0.6956348419189453,0.6906371116638184,0.6746764183044434,0.010804553945198499,0.12414693832397461,0.12161087989807129,0.13875865936279297,0.12096333503723145,0.12691950798034668,0.12414693832397461,0.006489125404591261,1.1797218193239747
STATS,100-005,0.46853046417236327,0.07631464004516601,1.211771082045166,rewr,orig,1.135456442,0.4593350887298584,0.4637486934661865,0.40215516090393066,0.5235464572906494,0.4938669204711914,0.4637486934661865,0.04045193854728153,0.07613086700439453,0.07995295524597168,0.06856632232666016,0.07913684844970703,0.07778620719909668,0.07778620719909668,0.004085043639057711,1.2132426491990966
STATS,101-043,0.5749014854431153,0.11691174507141114,1.1319987010714112,rewr,orig,1.015086956,0.4974546432495117,0.54803466796875,0.5519213676452637,0.6574177742004395,0.6196789741516113,0.5519213676452637,0.05667783776095649,0.10510420799255371,0.11113572120666504,0.12152314186096191,0.13048315048217773,0.11631250381469727,0.11631250381469727,0.008701580302594714,1.1313994598146973
STATS,102-002,0.45645933151245116,0.05523500442504883,1.072481817425049,rewr,orig,1.017246813,0.5024850368499756,0.4475522041320801,0.45395588874816895,0.4385108947753906,0.4397926330566406,0.4475522041320801,0.023680772429893412,0.05506730079650879,0.05555915832519531,0.054694414138793945,0.05669116973876953,0.05416297912597656,0.05506730079650879,0.0008596620008274302,1.0723141137965089
STATS,103-015,0.4352915287017822,0.07949662208557129,1.1473328750855714,rewr,orig,1.067836253,0.41985368728637695,0.46062254905700684,0.41826677322387695,0.4111011028289795,0.4666135311126709,0.41985368728637695,0.02339262438385976,0.07084035873413086,0.08359956741333008,0.08128595352172852,0.07689380645751953,0.08486342430114746,0.08128595352172852,0.005109676658561334,1.1491222065217286
STATS,104-088,0.4364349365234375,0.0910400390625,1.1538863430625,rewr,orig,1.062846304,0.4438591003417969,0.4033222198486328,0.41950058937072754,0.4014112949371338,0.5140814781188965,0.41950058937072754,0.04169888060650412,0.11216902732849121,0.08713436126708984,0.09138083457946777,0.07770085334777832,0.08681511878967285,0.08713436126708984,0.01146811608429144,1.1499806652670899
STATS,105-085,0.44127044677734373,0.0699300765991211,1.124269257599121,rewr,orig,1.054339181,0.4457108974456787,0.433504581451416,0.4435257911682129,0.42684102058410645,0.4567699432373047,0.4435257911682129,0.010330107216270434,0.07033467292785645,0.06761574745178223,0.06659245491027832,0.07473516464233398,0.07037234306335449,0.07033467292785645,0.0028264467749347434,1.1246738539278565
STATS,106-084,0.47308759689331054,0.14076800346374513,1.2789368834637451,rewr,orig,1.13816888,0.45032477378845215,0.43477439880371094,0.43697094917297363,0.4564790725708008,0.5868887901306152,0.45032477378845215,0.05747523669984605,0.14364314079284668,0.1398017406463623,0.13619685173034668,0.14364123344421387,0.14055705070495605,0.14055705070495605,0.002771117400988509,1.278725930704956
STATS,107-104,1.7058650016784669,0.1529834270477295,1.2033020440477296,rewr,rewr,1.050318617,1.674771785736084,1.6797406673431396,1.653782844543457,1.676377534866333,1.8446521759033203,1.676377534866333,0.06999029995971726,0.14599180221557617,0.1495053768157959,0.14782166481018066,0.16086459159851074,0.16073369979858398,0.1495053768157959,0.0064776990204168956,1.199823993815796
STATS,108-060,0.6152284622192383,0.1834329605102539,1.2242154575102537,rewr,orig,1.040782497,0.6104888916015625,0.6190717220306396,0.6276760101318359,0.556178092956543,0.6627275943756104,0.6190717220306396,0.03445370601350006,0.19551515579223633,0.18222379684448242,0.17009973526000977,0.1776416301727295,0.19168448448181152,0.18222379684448242,0.009239519144499338,1.2230062938444823
STATS,109-133,0.7067024230957031,0.2401597499847412,1.3852066459847412,rewr,orig,1.145046896,0.7057254314422607,0.6830129623413086,0.720120906829834,0.6543662548065186,0.7702865600585938,0.7057254314422607,0.038792313036882735,0.23131895065307617,0.23428964614868164,0.2315225601196289,0.2319347858428955,0.27173280715942383,0.2319347858428955,0.01582230624861821,1.3769816818428955
STATS,110-138,1.052913761138916,0.31181111335754397,1.475757541357544,rewr,orig,1.163946428,1.180042028427124,1.0872957706451416,1.0738928318023682,0.8844261169433594,1.038912057876587,1.0738928318023682,0.09629950598845788,0.36069393157958984,0.31775927543640137,0.30118370056152344,0.29198408126831055,0.28743457794189453,0.30118370056152344,0.026552510738236643,1.4651301285615235
STATS,111-056,0.8537848949432373,0.25436816215515134,1.3766847611551514,rewr,orig,1.122316599,1.0036609172821045,0.9086508750915527,0.720644474029541,0.8463702201843262,0.7895979881286621,0.8463702201843262,0.09733900137050469,0.2721068859100342,0.23803472518920898,0.24243688583374023,0.25867223739624023,0.2605900764465332,0.25867223739624023,0.01249828883776158,1.3809888363962401
STATS,112-028,0.8859134674072265,0.21028361320495606,1.3815181322049561,rewr,orig,1.171234519,0.8112518787384033,1.0293362140655518,0.8344011306762695,1.0130836963653564,0.7414944171905518,0.8344011306762695,0.11474065287926838,0.2065277099609375,0.2219853401184082,0.22996997833251953,0.19670534133911133,0.1962296962738037,0.2065277099609375,0.013568140932653286,1.3777622289609375
STATS,113-113,1.5831850051879883,0.23497352600097657,1.2789305090009766,rewr,rewr,1.043956983,1.4646437168121338,1.4434447288513184,1.708183765411377,1.6986491680145264,1.601003646850586,1.601003646850586,0.1121191766164682,0.23478937149047852,0.21395111083984375,0.22351741790771484,0.25780749320983887,0.24480223655700684,0.23478937149047852,0.015435102036752982,1.2787463544904785
STATS,114-049,1.198325252532959,0.14299936294555665,1.2454608549455566,rewr,orig,1.102461492,1.255476951599121,1.216200351715088,1.1024813652038574,1.2496702671051025,1.167797327041626,1.216200351715088,0.05716668850211919,0.13062810897827148,0.14328217506408691,0.14156270027160645,0.16401267051696777,0.13551115989685059,0.14156270027160645,0.011426497162696477,1.2440241922716064
STATS,115-144,1.3014166831970215,0.3335154056549072,1.4333682306549071,rewr,orig,1.099852825,1.3990662097930908,1.4997832775115967,1.241189956665039,1.145991563796997,1.2210524082183838,1.241189956665039,0.12893981449227532,0.3862025737762451,0.3815145492553711,0.29218029975891113,0.32363057136535645,0.28404903411865234,0.32363057136535645,0.043204347726477646,1.4234833963653564
STATS,116-032,1.0529982566833496,0.1669693946838379,1.390516375683838,rewr,orig,1.223546981,1.1767511367797852,1.028017520904541,1.0041449069976807,1.1099581718444824,0.9461195468902588,1.028017520904541,0.08123170909185998,0.15132427215576172,0.17580556869506836,0.17290019989013672,0.16321945190429688,0.17159748077392578,0.17159748077392578,0.008871341862169662,1.3951444617739257
STATS,117-114,1.0259649753570557,0.2266979694366455,1.3183691674366456,rewr,orig,1.091671198,0.9116737842559814,0.9041991233825684,1.0527675151824951,0.9783055782318115,1.2828788757324219,0.9783055782318115,0.13920053559659504,0.21483922004699707,0.24336600303649902,0.24030303955078125,0.21925711631774902,0.21572446823120117,0.21925711631774902,0.012484672505322375,1.310928314317749
STATS,118-074,2.420283317565918,0.33708529472351073,1.3693994247235108,rewr,rewr,1.03231413,2.4007270336151123,2.525367259979248,2.4483067989349365,2.338925838470459,2.388089656829834,2.4007270336151123,0.0630331181197479,0.32851743698120117,0.33542680740356445,0.34704089164733887,0.34710693359375,0.3273344039916992,0.33542680740356445,0.008611455072191122,1.3677409374035645
STATS,119-098,1.6314491748809814,0.21917295455932617,1.2685503655593262,rewr,rewr,1.049377411,1.7339625358581543,1.7296936511993408,1.5274057388305664,1.5053305625915527,1.660853385925293,1.660853385925293,0.09773076781037922,0.23211050033569336,0.20724701881408691,0.20920991897583008,0.21786999702453613,0.22942733764648438,0.21786999702453613,0.010155985259824312,1.2672474080245362
STATS,120-115,2.6110665798187256,0.19183173179626464,1.3617781677962646,rewr,rewr,1.169946436,3.0941638946533203,2.5168001651763916,2.5179548263549805,2.626650810241699,2.2997632026672363,2.5179548263549805,0.26385284990949326,0.21211647987365723,0.2011415958404541,0.19173955917358398,0.18720293045043945,0.16695809364318848,0.19173955917358398,0.015088252024314975,1.361685995173584
STATS,121-097,2.9229265213012696,0.2623921871185303,1.4430245881185302,rewr,rewr,1.180632401,3.067430257797241,2.761425018310547,2.6986775398254395,3.098262310028076,2.988837480545044,2.988837480545044,0.16268900662269264,0.3024139404296875,0.19616913795471191,0.2213134765625,0.2556335926055908,0.33643078804016113,0.2556335926055908,0.05138499093280371,1.4362659936055908
STATS,122-071,3.2805517673492433,0.3160113334655762,1.3471941274655763,rewr,rewr,1.031182794,2.9918932914733887,3.884491205215454,3.2865819931030273,3.137761116027832,3.1020312309265137,3.137761116027832,0.3163421173214909,0.37473034858703613,0.3165628910064697,0.30539870262145996,0.27712059020996094,0.3062441349029541,0.3062441349029541,0.03215196095022671,1.3374269289029541
STATS,123-047,3.030830144882202,0.24964828491210939,1.2901297929121094,rewr,rewr,1.040481508,3.2432351112365723,3.3013510704040527,2.8051328659057617,2.8510117530822754,2.9534199237823486,2.9534199237823486,0.2037467540722105,0.25105881690979004,0.24990200996398926,0.25579309463500977,0.25397467613220215,0.23751282691955566,0.25105881690979004,0.0064156007532796995,1.29154032490979
STATS,124-070,3.7772934436798096,0.3172276973724365,1.3871287033724364,rewr,rewr,1.069901006,4.105690002441406,3.8263354301452637,3.863435983657837,3.690370798110962,3.400635004043579,3.8263354301452637,0.23112640692862857,0.34508395195007324,0.3169736862182617,0.32172226905822754,0.3317835330963135,0.27057504653930664,0.32172226905822754,0.02523719001306482,1.3916232750582276
STATS,125-051,6.317912769317627,0.22282938957214354,1.2909539865721436,rewr,rewr,1.068124597,5.8862831592559814,6.148534059524536,6.612792491912842,6.537597179412842,6.404356956481934,6.404356956481934,0.26746257904400433,0.2123727798461914,0.22580647468566895,0.23133397102355957,0.23088455200195312,0.21374917030334473,0.22580647468566895,0.008220312063880568,1.293931071685669
STATS,126-059,5.16626501083374,0.18487348556518554,1.4179316625651854,rewr,rewr,1.233058177,5.27717924118042,5.299753665924072,4.487055540084839,5.824839115142822,4.942497491836548,5.27717924118042,0.4416420374264418,0.18062543869018555,0.16880059242248535,0.22269582748413086,0.17651724815368652,0.17572832107543945,0.17651724815368652,0.019289240947659464,1.4095754251536865
STATS,127-038,3.635707426071167,0.17135138511657716,1.228101174116577,rewr,rewr,1.056749789,3.4931247234344482,3.491999864578247,3.822300672531128,3.7080767154693604,3.6630351543426514,3.6630351543426514,0.12789280568224282,0.1668105125427246,0.1732926368713379,0.16430401802062988,0.1698770523071289,0.18247270584106445,0.1698770523071289,0.006323144739483581,1.2266268413071288
STATS,128-069,5.2829843044281,0.3853360652923584,1.5578361992923586,rewr,rewr,1.172500134,5.912708520889282,5.632975816726685,5.245642185211182,4.642709732055664,4.98088526725769,5.245642185211182,0.4520301843090359,0.4339883327484131,0.41719603538513184,0.3434433937072754,0.31780052185058594,0.41425204277038574,0.41425204277038574,0.04590050138494968,1.5867521767703858
STATS,129-140,10.406706714630127,0.26477365493774413,1.3675989729377442,rewr,rewr,1.102825318,9.124677658081055,10.002405166625977,10.382876873016357,11.41676640510559,11.106807470321655,10.382876873016357,0.8146149705657554,0.25223708152770996,0.2607839107513428,0.2929561138153076,0.2636148929595947,0.2542762756347656,0.2607839107513428,0.01468926425302685,1.3636092287513428
STATS,130-123,7.837055110931397,0.3125974178314209,1.412633095831421,rewr,rewr,1.100035678,9.10163164138794,7.767322778701782,7.521657705307007,7.673656702041626,7.121006727218628,7.673656702041626,0.6697635778182719,0.3170168399810791,0.29758787155151367,0.32159900665283203,0.29068493843078613,0.33609843254089355,0.3170168399810791,0.01648211648322759,1.4170525179810791
STATS,131-143,12.283501577377319,0.28133630752563477,1.4574207685256348,rewr,rewr,1.176084461,13.214913845062256,12.062138319015503,12.12985897064209,12.248991250991821,11.761605501174927,12.12985897064209,0.49268712833473527,0.28917598724365234,0.2920348644256592,0.2765655517578125,0.28746485710144043,0.2614402770996094,0.28746485710144043,0.011243584437685354,1.4635493181014405
STATS,132-105,11.87537431716919,0.180183744430542,1.292605875430542,rewr,rewr,1.112422131,11.93241024017334,11.652689218521118,11.930538654327393,11.65338397026062,12.207849502563477,11.930538654327393,0.20770378753912652,0.16757440567016602,0.18427729606628418,0.1792912483215332,0.188737154006958,0.18103861808776855,0.18103861808776855,0.0070772983916851835,1.2934607490877685
STATS,133-052,8.57651047706604,0.1742778778076172,1.2217669358076173,rewr,rewr,1.047489058,9.719991683959961,8.61253809928894,8.079230070114136,8.648192882537842,7.822599649429321,8.61253809928894,0.6526338891756958,0.16710329055786133,0.17191791534423828,0.17394614219665527,0.17065763473510742,0.18776440620422363,0.17191791534423828,0.007101362990933839,1.2194069733442383
STATS,134-030,18.230804538726808,0.1064685344696045,1.1974238554696046,rewr,rewr,1.090955321,18.204804182052612,18.648947715759277,18.263391494750977,18.210569620132446,17.82630968093872,18.210569620132446,0.2610008377980572,0.10294365882873535,0.10846805572509766,0.10867547988891602,0.10185599327087402,0.11039948463439941,0.10846805572509766,0.003406503988744732,1.1994233767250977
STATS,135-136,15.759695672988892,0.14878149032592775,1.3075356593259277,rewr,rewr,1.158754169,16.073148727416992,15.654001474380493,16.300413370132446,16.152181148529053,14.618733644485474,16.073148727416992,0.6095307880576054,0.14267754554748535,0.1461024284362793,0.15579843521118164,0.15042352676391602,0.14890551567077637,0.14890551567077637,0.004390551125755803,1.3076596846707764
STATS,136-142,23.056398820877074,0.34085469245910643,1.4173885734591065,rewr,rewr,1.076533881,22.834831953048706,22.828617095947266,22.925256729125977,23.051656246185303,23.641632080078125,22.925256729125977,0.30354409862486775,0.32817840576171875,0.34640049934387207,0.3390219211578369,0.34943628311157227,0.3412363529205322,0.3412363529205322,0.007329292352124368,1.4177702339205323
STATS,137-141,14.73259515762329,0.5936293125152587,1.6783544445152587,rewr,rewr,1.084725132,14.73190450668335,14.176928997039795,17.68789792060852,13.438951969146729,13.627292394638062,14.176928997039795,1.5451722672167687,0.5861907005310059,0.6323604583740234,0.6513657569885254,0.5036206245422363,0.5946090221405029,0.5946090221405029,0.05097343498288983,1.679334154140503
STATS,138-107,28.566394233703612,0.1006922721862793,1.1821713851862794,rewr,rewr,1.081479113,29.107203722000122,27.60993504524231,27.400045156478882,31.920188426971436,26.794598817825317,27.60993504524231,1.8414588639603588,0.09897828102111816,0.08973956108093262,0.10318374633789062,0.10413193702697754,0.10742783546447754,0.10318374633789062,0.0061041984995661895,1.1846628593378907
STATS,139-034,26.826208353042603,0.15619053840637206,1.205384904406372,rewr,rewr,1.049194366,29.619431972503662,24.459929704666138,27.40777826309204,25.89580774307251,26.748094081878662,26.748094081878662,1.709464449747031,0.17132115364074707,0.16302967071533203,0.1553647518157959,0.14960885047912598,0.14162826538085938,0.1553647518157959,0.010312803530025848,1.204559117815796
STATS,140-108,29.480066537857056,0.18895034790039061,1.2338945259003906,rewr,rewr,1.044944178,30.459539651870728,32.70793700218201,29.327877521514893,26.857653856277466,28.047324657440186,29.327877521514893,2.01650561023976,0.3800632953643799,0.1442122459411621,0.15018367767333984,0.12659835815429688,0.14369416236877441,0.1442122459411621,0.09587951202415436,1.189156423941162
STATS,141-068,49.014967346191405,0.34725131988525393,1.391008560885254,rewr,rewr,1.043757241,51.252214193344116,50.63128066062927,50.5665979385376,45.722922563552856,46.90182137489319,50.5665979385376,2.250699643557089,0.4099752902984619,0.34840941429138184,0.31560254096984863,0.3500502109527588,0.31221914291381836,0.34840941429138184,0.03513508237773875,1.3921666552913818
STATS,142-135,70.41702404022217,0.14331507682800293,1.1916527458280028,rewr,rewr,1.048337669,71.94977641105652,68.98260855674744,67.4152307510376,70.02482867240906,73.71267580986023,70.02482867240906,2.2105555118013407,0.14471864700317383,0.1436014175415039,0.14239215850830078,0.13172674179077148,0.15413641929626465,0.1436014175415039,0.007131545978484748,1.1919390865415038
STATS,143-126,153.18841700553895,0.35456075668334963,1.4029524186833497,rewr,rewr,1.048391662,167.08220958709717,163.67943620681763,150.19577503204346,139.96637320518494,145.0182909965515,150.19577503204346,10.522625750483574,0.3929157257080078,0.3799314498901367,0.29996204376220703,0.3082275390625,0.3917670249938965,0.3799314498901367,0.04153761820812108,1.4283231118901367
JOB,2a,0.37274913787841796,0.33877010345458985,1.4007071774545898,rewr,orig,1.061937074,0.3836076259613037,0.36423277854919434,0.37304186820983887,0.3677036762237549,0.37515974044799805,0.37304186820983887,0.006660157937687386,0.3363943099975586,0.3456852436065674,0.3359849452972412,0.3325998783111572,0.3431861400604248,0.3363943099975586,0.004874294235233086,1.3983313839975586
JOB,2b,0.38667926788330076,0.26715664863586425,1.3279026736358643,rewr,orig,1.060746025,0.37549567222595215,0.37501049041748047,0.40419888496398926,0.37601757049560547,0.40267372131347656,0.37601757049560547,0.013694265177399665,0.26142001152038574,0.25435805320739746,0.2628328800201416,0.2769615650177002,0.2802107334136963,0.2628328800201416,0.009817876960119085,1.3235789050201416
JOB,2c,0.363771390914917,0.11447668075561523,1.1730171037556152,rewr,orig,1.058540423,0.3848910331726074,0.3616766929626465,0.3509654998779297,0.3633737564086914,0.35794997215270996,0.3616766929626465,0.011388282780654672,0.10182452201843262,0.1190793514251709,0.11644124984741211,0.11945986747741699,0.11557841300964355,0.11644124984741211,0.006498725930266728,1.174981672847412
JOB,2d,0.18005609512329102,2.2946733951568605,3.3772235301568605,orig,orig,1.082550135,0.18676352500915527,0.17809677124023438,0.1807878017425537,0.17885184288024902,0.1757805347442627,0.17885184288024902,0.0037173808077398387,2.292948007583618,2.272606372833252,2.2828848361968994,2.276019334793091,2.3489084243774414,2.2828848361968994,0.02799397407112268,3.3654349711968994
JOB,3a,0.041330909729003905,2.317581367492676,3.426956644492676,orig,orig,1.109375277,0.04240274429321289,0.04140472412109375,0.04118657112121582,0.04009532928466797,0.0415651798248291,0.04140472412109375,0.0007425164029749374,2.4092025756835938,2.2657036781311035,2.211087942123413,2.2241320610046387,2.47778058052063,2.2657036781311035,0.10660501942085931,3.3750789551311033
JOB,3b,0.03216252326965332,0.6216601848602294,1.6884258538602295,orig,orig,1.066765669,0.030722379684448242,0.03290057182312012,0.03297019004821777,0.032036781311035156,0.03218269348144531,0.03218269348144531,0.0008108357066729751,0.6281700134277344,0.6084191799163818,0.6016137599945068,0.6076083183288574,0.662489652633667,0.6084191799163818,0.02228928720922242,1.6751848489163819
JOB,3c,0.05235114097595215,3.819190263748169,4.877751432748169,orig,orig,1.058561169,0.05003833770751953,0.05754256248474121,0.04932999610900879,0.053101301193237305,0.051743507385253906,0.051743507385253906,0.0029106422480129936,3.9087491035461426,3.779320478439331,3.6943798065185547,3.8303258419036865,3.88317608833313,3.8303258419036865,0.07668927258629114,4.888887010903686
JOB,5a,0.18843154907226561,1.765340518951416,2.902529536951416,orig,orig,1.137189018,0.16681432723999023,0.22562766075134277,0.16509318351745605,0.1859121322631836,0.19871044158935547,0.1859121322631836,0.022394362696865813,1.9834671020507812,1.7570199966430664,1.7059898376464844,1.6827282905578613,1.6974973678588867,1.7059898376464844,0.1118913885406381,2.8431788556464843
JOB,5b,0.1933121681213379,1.269141674041748,2.386975143041748,orig,orig,1.117833469,0.16016030311584473,0.22607135772705078,0.19656038284301758,0.17833733558654785,0.20543146133422852,0.19656038284301758,0.02260037359544594,1.2748305797576904,1.3230314254760742,1.3114256858825684,1.2487919330596924,1.1876287460327148,1.2748305797576904,0.048544569224364446,2.3926640487576902
JOB,5c,0.1927875518798828,2.2265575408935545,3.3596432558935545,orig,orig,1.133085715,0.17994999885559082,0.1767723560333252,0.18450236320495605,0.24610400199890137,0.17660903930664062,0.17994999885559082,0.02681164575109327,2.2772300243377686,2.1638762950897217,2.245471239089966,2.3133010864257812,2.132909059524536,2.245471239089966,0.06804241013899268,3.378556954089966
JOB,17d,10.048046827316284,7.798890399932861,8.901999291932862,rewr,rewr,1.103108892,19.925019025802612,7.624366998672485,7.683131694793701,7.6646482944488525,7.3430681228637695,7.6646482944488525,4.9400227866579165,9.187970161437988,7.058775901794434,7.260419845581055,8.439093589782715,7.048192501068115,7.260419845581055,0.8649474032258437,8.363528737581055
JOB,17e,1.9114955902099608,4.536059045791626,5.614026644791626,orig,orig,1.077967599,1.7946264743804932,1.998420000076294,1.9153270721435547,1.996849775314331,1.8522546291351318,1.9153270721435547,0.08002968437158772,4.124228000640869,4.68779182434082,4.422853469848633,4.91568660736084,4.529735326766968,4.529735326766968,0.2644239865012622,5.607702925766968
JOB,17f,2.32290940284729,12.00978455543518,13.18200891043518,orig,orig,1.172224355,1.9873366355895996,1.8814799785614014,2.6902313232421875,3.100253105163574,1.9552459716796875,1.9873366355895996,0.486175697068801,11.701980352401733,12.376035928726196,13.03920841217041,11.116717100143433,11.81498098373413,11.81498098373413,0.651784455768471,12.987205338734132
JOB,20a,4.628713321685791,59.48895740509033,60.67930789509033,orig,orig,1.19035049,4.590148210525513,5.08064603805542,4.2902796268463135,3.567660331726074,5.614832401275635,4.590148210525513,0.6954900574933206,61.77347779273987,58.9215407371521,59.61120891571045,58.20522928237915,58.93333029747009,58.93333029747009,1.2257748475353394,60.12368078747009
JOB,20b,0.24800448417663573,0.5440357208251954,1.6949257438251955,orig,orig,1.150890023,0.251847505569458,0.23801684379577637,0.2684664726257324,0.24550175666809082,0.2361898422241211,0.24550175666809082,0.011653876218170286,0.5368633270263672,0.5526423454284668,0.5278124809265137,0.541234016418457,0.5616264343261719,0.541234016418457,0.011882705767067177,1.6921240394184571
LSQB,q1,7.461603689193725,4.842869281768799,6.189799483768799,rewr,rewr,1.346930202,7.218855142593384,7.643676280975342,7.371150255203247,7.428170680999756,7.646166086196899,7.428170680999756,0.16458441827814588,4.714410781860352,4.79041051864624,5.087320566177368,4.830552339553833,4.791652202606201,4.791652202606201,0.1278943585460681,6.138582404606201
SNAP,dblp-path02,2.2940215110778808,0.870166540145874,2.119866188145874,rewr,rewr,1.249699648,2.1122586727142334,2.3984572887420654,2.1485583782196045,2.3898096084594727,2.4210236072540283,2.3898096084594727,0.13446856593300735,0.8311800956726074,0.8297598361968994,0.8901917934417725,0.9115080833435059,0.888192892074585,0.888192892074585,0.033429711048920153,2.137892540074585
SNAP,dblp-path03,30.795074939727783,1.407008123397827,2.529920567397827,rewr,rewr,1.122912444,27.581419229507446,27.196730613708496,31.781083583831787,34.55445957183838,32.86168169975281,31.781083583831787,2.920675068247245,1.254319190979004,1.2929496765136719,1.4419922828674316,1.5453975200653076,1.5003819465637207,1.4419922828674316,0.1143830641006134,2.5649047268674314
SNAP,dblp-path04,387.54222893714905,1.624270248413086,2.630538959413086,rewr,rewr,1.006268711,405.9131569862366,404.5294225215912,387.47163796424866,404.1907362937927,335.6061909198761,404.1907362937927,26.83499792614621,1.5885281562805176,1.7700779438018799,1.6756682395935059,1.656660556793213,1.4304163455963135,1.656660556793213,0.11296689992758165,2.6629292677932126
SNAP,dblp-path05,TO,1.8573275566101075,2.9059274376101074,rewr,rewr,1.048599881,-,-,-,-,-,TO,-,1.962669849395752,1.8832268714904785,1.806525707244873,1.8063077926635742,1.8279075622558594,1.8279075622558594,0.05969447786939925,2.8765074432558593
SNAP,dblp-path06,TO,2.0545387268066406,3.0878703628066404,rewr,rewr,1.033331636,-,-,-,-,-,TO,-,2.0824780464172363,2.053133964538574,2.080230951309204,2.0146336555480957,2.0422170162200928,2.053133964538574,0.02524641994878132,3.086465600538574
SNAP,dblp-path07,TO,2.245324802398682,3.223916551398682,rewr,rewr,0.978591749,-,-,-,-,-,TO,-,2.2957441806793213,2.2604832649230957,2.223233699798584,2.2299649715423584,2.217197895050049,2.2299649715423584,0.029281245968475377,3.2085567205423584
SNAP,dblp-path08,TO,2.5130965232849123,3.4930933572849123,rewr,rewr,0.979996834,-,-,-,-,-,TO,-,2.4721851348876953,2.519108772277832,2.4727697372436523,2.488352060317993,2.6130669116973877,2.488352060317993,0.05280626007931406,3.468348894317993
